Program, File, Original Size, Compressed Size, Compression Ratio, Time, Nerdy Time
Jasmine Rice,alice29.txt,148.5 KB,39.5 KB,3.764579207920792,212 ms,212
Jasmine Rice,asyoulik.txt,126.3 KB,33.5 KB,3.764550033481818,176 ms,176
Jasmine Rice,bib.dat,114.8 KB,30.5 KB,3.7645739910313902,159 ms,159
Jasmine Rice,book1.dat,750.8 KB,199.4 KB,3.764665266127018,787 ms,787
Jasmine Rice,book2.dat,611.8 KB,162.5 KB,3.764692450063697,662 ms,662
Jasmine Rice,cp.html,24.7 KB,6.6 KB,3.76386404293381,71 ms,71
Jasmine Rice,dickens.dat,9.7 MB,2.6 MB,3.764705143628371,13.42 s,13042
Jasmine Rice,fields.c,11.3 KB,3.0 KB,3.7637309067273317,830 ms,830
Jasmine Rice,geo.dat,100.0 KB,26.6 KB,3.7645674791367965,232 ms,232
Jasmine Rice,grammar.lsp,3.7 KB,1015 B,3.7586206896551726,193 ms,193
Jasmine Rice,kennedy.xls,1005.6 KB,267.1 KB,3.7646886779001707,1.101 s,1101
Jasmine Rice,lcet10.txt,416.8 KB,110.7 KB,3.7646571040420613,791 ms,791
Jasmine Rice,mr.dat,9.5 MB,2.5 MB,3.764703128227144,12.536 s,12536
Jasmine Rice,news.dat,378.1 KB,100.4 KB,3.764650972842099,970 ms,970
Jasmine Rice,obj1.dat,21.0 KB,5.6 KB,3.764046910554875,225 ms,225
Jasmine Rice,obj2.dat,241.0 KB,64.0 KB,3.7646466649379966,957 ms,957
Jasmine Rice,ooffice.dat,5.9 MB,1.6 MB,3.7647035786209204,9.641 s,9641
Jasmine Rice,osdb.dat,9.6 MB,2.6 MB,3.7647042136071858,13.61 s,13061
Jasmine Rice,paper1.dat,53.1 KB,14.1 KB,3.7641646489104117,448 ms,448
Jasmine Rice,paper2.dat,82.0 KB,21.8 KB,3.7645211930926217,778 ms,778
Jasmine Rice,pic.dat,501.2 KB,133.1 KB,3.764678266482791,858 ms,858
Jasmine Rice,plrabn12.txt,470.6 KB,125.0 KB,3.764656708022126,883 ms,883
Jasmine Rice,progc.dat,40.1 KB,10.7 KB,3.7642425352628686,466 ms,466
Jasmine Rice,progl.dat,72.2 KB,19.2 KB,3.764520073364581,509 ms,509
Jasmine Rice,progp.dat,50.1 KB,13.3 KB,3.7642961876832843,489 ms,489
Jasmine Rice,ptt5,501.2 KB,133.1 KB,3.764678266482791,1.124 s,1124
Jasmine Rice,reymont.dat,6.3 MB,1.7 MB,3.764702741269928,7.561 s,7561
Jasmine Rice,samba.dat,20.6 MB,5.5 MB,3.764705226389527,2 m 37 s,157921
Jasmine Rice,sao.dat,6.9 MB,1.8 MB,3.7647031950906893,18.733 s,18733
Jasmine Rice,sum,37.3 KB,9.9 KB,3.764150014765233,2.416 s,2416
Jasmine Rice,trans.dat,91.5 KB,24.3 KB,3.764514444131946,2.913 s,2913
Jasmine Rice,x-ray.dat,8.1 MB,2.1 MB,3.7647042098720953,13.909 s,13909
Jasmine Rice,xargs.1,4.2 KB,1.1 KB,3.7599653379549394,2.993 s,2993
Jasmine Rice,xml.dat,5.1 MB,1.4 MB,3.7647032308547224,17.743 s,17743
Jasmine Rice,Average, , ,3.7642134335608586,8.393 s,8393.823529411764
Basic RLE,alice29.txt,148.5 KB,283.1 KB,0.5247126119536867,12.15 s,12015
Basic RLE,asyoulik.txt,126.3 KB,247.8 KB,0.5095927230879582,713 ms,713
Basic RLE,bib.dat,114.8 KB,226.1 KB,0.5077153027370749,1.228 s,1228
Basic RLE,book1.dat,750.8 KB,1.4 MB,0.511106073137198,932 ms,932
Basic RLE,book2.dat,611.8 KB,1.2 MB,0.5107924461845275,2.174 s,2174
Basic RLE,cp.html,24.7 KB,46.9 KB,0.5258685328667833,1.348 s,1348
Basic RLE,dickens.dat,9.7 MB,19.0 MB,0.5113400446118647,5.909 s,5909
Basic RLE,fields.c,11.3 KB,20.3 KB,0.5584972993827161,1.574 s,1574
Basic RLE,geo.dat,100.0 KB,191.8 KB,0.5214061672573221,1.423 s,1423
Basic RLE,grammar.lsp,3.7 KB,6.7 KB,0.5585651537335286,652 ms,652
Basic RLE,kennedy.xls,1005.6 KB,1.7 MB,0.5946166310000474,509 ms,509
Basic RLE,lcet10.txt,416.8 KB,785.8 KB,0.5303782397200176,522 ms,522
Basic RLE,mr.dat,9.5 MB,13.6 MB,0.6967759338680338,2.750 s,2750
Basic RLE,news.dat,378.1 KB,713.5 KB,0.529905452236134,327 ms,327
Basic RLE,obj1.dat,21.0 KB,33.3 KB,0.6301723127417653,511 ms,511
Basic RLE,obj2.dat,241.0 KB,455.9 KB,0.5286432117751381,706 ms,706
Basic RLE,ooffice.dat,5.9 MB,10.5 MB,0.5589116462032533,7.835 s,7835
Basic RLE,osdb.dat,9.6 MB,18.1 MB,0.5312997285998449,7.378 s,7378
Basic RLE,paper1.dat,53.1 KB,103.8 KB,0.5116989862132526,827 ms,827
Basic RLE,paper2.dat,82.0 KB,161.0 KB,0.5091974664498751,1.397 s,1397
Basic RLE,pic.dat,501.2 KB,149.0 KB,3.363850873053327,613 ms,613
Basic RLE,plrabn12.txt,470.6 KB,922.5 KB,0.5101120241198029,1.328 s,1328
Basic RLE,progc.dat,40.1 KB,74.6 KB,0.5383547288446424,1.525 s,1525
Basic RLE,progl.dat,72.2 KB,122.9 KB,0.5871555258891962,877 ms,877
Basic RLE,progp.dat,50.1 KB,85.6 KB,0.5859428493175697,433 ms,433
Basic RLE,ptt5,501.2 KB,149.0 KB,3.363850873053327,234 ms,234
Basic RLE,reymont.dat,6.3 MB,12.2 MB,0.5172773324383181,2.56 s,2056
Basic RLE,samba.dat,20.6 MB,35.7 MB,0.5768477474787473,6.208 s,6208
Basic RLE,sao.dat,6.9 MB,13.7 MB,0.5055497268323357,900 ms,900
Basic RLE,sum,37.3 KB,57.2 KB,0.6526265487933918,162 ms,162
Basic RLE,trans.dat,91.5 KB,166.8 KB,0.5485784210403054,159 ms,159
Basic RLE,x-ray.dat,8.1 MB,16.1 MB,0.502259689710215,795 ms,795
Basic RLE,xargs.1,4.2 KB,8.3 KB,0.5093918760272365,125 ms,125
Basic RLE,xml.dat,5.1 MB,9.9 MB,0.5148621205005142,471 ms,471
Basic RLE,Average, , ,0.7099369500252632,1.959 s,1959.2941176470588
PackBits,alice29.txt,148.5 KB,150.6 KB,0.9859391409197578,200 ms,200
PackBits,asyoulik.txt,126.3 KB,128.6 KB,0.9817918131496822,317 ms,317
PackBits,bib.dat,114.8 KB,116.6 KB,0.9847259809137601,176 ms,176
PackBits,book1.dat,750.8 KB,767.4 KB,0.9782481723960222,154 ms,154
PackBits,book2.dat,611.8 KB,624.3 KB,0.9799823866276023,279 ms,279
PackBits,cp.html,24.7 KB,25.5 KB,0.9672080907140668,131 ms,131
PackBits,dickens.dat,9.7 MB,9.9 MB,0.9779408759287969,1.125 s,1125
PackBits,fields.c,11.3 KB,11.4 KB,0.9939919320230023,223 ms,223
PackBits,geo.dat,100.0 KB,99.8 KB,1.0024768226183833,335 ms,335
PackBits,grammar.lsp,3.7 KB,3.7 KB,0.9942663539223352,203 ms,203
PackBits,kennedy.xls,1005.6 KB,1.1 MB,0.9306401323102784,634 ms,634
PackBits,lcet10.txt,416.8 KB,412.5 KB,1.0103484278486587,247 ms,247
PackBits,mr.dat,9.5 MB,7.0 MB,1.3650335427407254,443 ms,443
PackBits,news.dat,378.1 KB,376.3 KB,1.0047282182765618,236 ms,236
PackBits,obj1.dat,21.0 KB,18.9 KB,1.109196884510239,226 ms,226
PackBits,obj2.dat,241.0 KB,242.5 KB,0.993795172233295,158 ms,158
PackBits,ooffice.dat,5.9 MB,5.8 MB,1.0152197349124854,1.178 s,1178
PackBits,osdb.dat,9.6 MB,9.9 MB,0.9757887292193349,772 ms,772
PackBits,paper1.dat,53.1 KB,54.0 KB,0.9841910102197703,397 ms,397
PackBits,paper2.dat,82.0 KB,83.6 KB,0.9809490416082282,320 ms,320
PackBits,pic.dat,501.2 KB,107.0 KB,4.68433734939759,336 ms,336
PackBits,plrabn12.txt,470.6 KB,479.3 KB,0.9817208704386217,152 ms,152
PackBits,progc.dat,40.1 KB,40.4 KB,0.9927772543904148,158 ms,158
PackBits,progl.dat,72.2 KB,69.2 KB,1.0431873049935763,381 ms,381
PackBits,progp.dat,50.1 KB,46.8 KB,1.0705796497080902,322 ms,322
PackBits,ptt5,501.2 KB,107.0 KB,4.68433734939759,159 ms,159
PackBits,reymont.dat,6.3 MB,6.4 MB,0.9846461102241097,513 ms,513
PackBits,samba.dat,20.6 MB,19.2 MB,1.0729429272565016,1.375 s,1375
PackBits,sao.dat,6.9 MB,7.0 MB,0.9890521501276013,785 ms,785
PackBits,sum,37.3 KB,34.9 KB,1.0702191374436762,257 ms,257
PackBits,trans.dat,91.5 KB,90.3 KB,1.0133023306115827,668 ms,668
PackBits,x-ray.dat,8.1 MB,8.1 MB,0.9920063456640342,335 ms,335
PackBits,xargs.1,4.2 KB,4.3 KB,0.9801219787666592,258 ms,258
PackBits,xml.dat,5.1 MB,5.2 MB,0.9871859084885045,2.424 s,2424
PackBits,Average, , ,1.22831997441181,466 ms,466.97058823529414
NOPless PackBits,alice29.txt,148.5 KB,150.6 KB,0.9859391409197578,156 ms,156
NOPless PackBits,asyoulik.txt,126.3 KB,128.6 KB,0.9817918131496822,142 ms,142
NOPless PackBits,bib.dat,114.8 KB,116.6 KB,0.9847259809137601,151 ms,151
NOPless PackBits,book1.dat,750.8 KB,767.4 KB,0.9782481723960222,453 ms,453
NOPless PackBits,book2.dat,611.8 KB,624.3 KB,0.9799823866276023,661 ms,661
NOPless PackBits,cp.html,24.7 KB,25.5 KB,0.9672080907140668,146 ms,146
NOPless PackBits,dickens.dat,9.7 MB,9.9 MB,0.9779408759287969,413 ms,413
NOPless PackBits,fields.c,11.3 KB,11.4 KB,0.9939919320230023,123 ms,123
NOPless PackBits,geo.dat,100.0 KB,99.8 KB,1.0024768226183833,186 ms,186
NOPless PackBits,grammar.lsp,3.7 KB,3.7 KB,0.9942663539223352,121 ms,121
NOPless PackBits,kennedy.xls,1005.6 KB,1.1 MB,0.9306401323102784,187 ms,187
NOPless PackBits,lcet10.txt,416.8 KB,412.5 KB,1.0103484278486587,151 ms,151
NOPless PackBits,mr.dat,9.5 MB,7.0 MB,1.3650335427407254,410 ms,410
NOPless PackBits,news.dat,378.1 KB,376.3 KB,1.0047282182765618,437 ms,437
NOPless PackBits,obj1.dat,21.0 KB,18.9 KB,1.109196884510239,202 ms,202
NOPless PackBits,obj2.dat,241.0 KB,242.5 KB,0.993795172233295,200 ms,200
NOPless PackBits,ooffice.dat,5.9 MB,5.8 MB,1.0152197349124854,492 ms,492
NOPless PackBits,osdb.dat,9.6 MB,9.9 MB,0.9757887292193349,340 ms,340
NOPless PackBits,paper1.dat,53.1 KB,54.0 KB,0.9841910102197703,180 ms,180
NOPless PackBits,paper2.dat,82.0 KB,83.6 KB,0.9809490416082282,135 ms,135
NOPless PackBits,pic.dat,501.2 KB,107.0 KB,4.68433734939759,190 ms,190
NOPless PackBits,plrabn12.txt,470.6 KB,479.3 KB,0.9817208704386217,151 ms,151
NOPless PackBits,progc.dat,40.1 KB,40.4 KB,0.9927772543904148,135 ms,135
NOPless PackBits,progl.dat,72.2 KB,69.2 KB,1.0431873049935763,153 ms,153
NOPless PackBits,progp.dat,50.1 KB,46.8 KB,1.0705796497080902,328 ms,328
NOPless PackBits,ptt5,501.2 KB,107.0 KB,4.68433734939759,152 ms,152
NOPless PackBits,reymont.dat,6.3 MB,6.4 MB,0.9846461102241097,1.218 s,1218
NOPless PackBits,samba.dat,20.6 MB,19.2 MB,1.0729429272565016,910 ms,910
NOPless PackBits,sao.dat,6.9 MB,7.0 MB,0.9890521501276013,548 ms,548
NOPless PackBits,sum,37.3 KB,34.9 KB,1.0702191374436762,297 ms,297
NOPless PackBits,trans.dat,91.5 KB,90.3 KB,1.0133023306115827,224 ms,224
NOPless PackBits,x-ray.dat,8.1 MB,8.1 MB,0.9920063456640342,1.71 s,1071
NOPless PackBits,xargs.1,4.2 KB,4.3 KB,0.9801219787666592,521 ms,521
NOPless PackBits,xml.dat,5.1 MB,5.2 MB,0.9871859084885045,793 ms,793
NOPless PackBits,Average, , ,1.22831997441181,352 ms,352.2647058823529
LZSS,alice29.txt,148.5 KB,71.4 KB,2.0799917943107222,2.162 s,2162
LZSS,asyoulik.txt,126.3 KB,64.4 KB,1.9610076437757826,685 ms,685
LZSS,bib.dat,114.8 KB,52.1 KB,2.2029164792322686,558 ms,558
LZSS,book1.dat,750.8 KB,414.0 KB,1.8135454877861785,4.40 s,4040
LZSS,book2.dat,611.8 KB,282.3 KB,2.166953177153412,2.924 s,2924
LZSS,cp.html,24.7 KB,10.8 KB,2.2915229624251223,135 ms,135
LZSS,dickens.dat,9.7 MB,5.0 MB,1.94356472157251,50.401 s,50401
LZSS,fields.c,11.3 KB,3.8 KB,2.985563289507605,689 ms,689
LZSS,geo.dat,100.0 KB,81.4 KB,1.2285690290225437,1.126 s,1126
LZSS,grammar.lsp,3.7 KB,1.5 KB,2.4708549222797926,1.747 s,1747
LZSS,kennedy.xls,1005.6 KB,281.4 KB,3.5739239987921994,7.369 s,7369
LZSS,lcet10.txt,416.8 KB,195.4 KB,2.1331940376098455,2.682 s,2682
LZSS,mr.dat,9.5 MB,4.5 MB,2.1244888570789953,45.172 s,45172
LZSS,news.dat,378.1 KB,192.8 KB,1.9611088880221657,2.72 s,2072
LZSS,obj1.dat,21.0 KB,12.0 KB,1.7529958425042798,199 ms,199
LZSS,obj2.dat,241.0 KB,100.7 KB,2.394160442331943,1.97 s,1097
LZSS,ooffice.dat,5.9 MB,3.6 MB,1.6249563531116467,38.547 s,38547
LZSS,osdb.dat,9.6 MB,7.2 MB,1.3361367560137312,1 m 27 s,87189
LZSS,paper1.dat,53.1 KB,24.1 KB,2.2028744939271254,313 ms,313
LZSS,paper2.dat,82.0 KB,39.1 KB,2.0963109124060244,495 ms,495
LZSS,pic.dat,501.2 KB,102.9 KB,4.870469664904672,1.41 s,1041
LZSS,plrabn12.txt,470.6 KB,256.7 KB,1.8331538961952987,2.584 s,2584
LZSS,progc.dat,40.1 KB,17.3 KB,2.3172079386558413,223 ms,223
LZSS,progl.dat,72.2 KB,22.2 KB,3.247769328820711,284 ms,284
LZSS,progp.dat,50.1 KB,15.3 KB,3.278107642214135,247 ms,247
LZSS,ptt5,501.2 KB,102.9 KB,4.870469664904672,1.124 s,1124
LZSS,reymont.dat,6.3 MB,2.5 MB,2.5573009739982857,26.224 s,26224
LZSS,samba.dat,20.6 MB,7.7 MB,2.676080045093455,1 m 19 s,79835
LZSS,sao.dat,6.9 MB,5.8 MB,1.2004425051965226,1 m 7 s,67381
LZSS,sum,37.3 KB,17.4 KB,2.142536978933214,509 ms,509
LZSS,trans.dat,91.5 KB,33.0 KB,2.7723695111847557,456 ms,456
LZSS,x-ray.dat,8.1 MB,6.9 MB,1.167100058849154,1 m 13 s,73011
LZSS,xargs.1,4.2 KB,2.1 KB,2.0266230733302195,58 ms,58
LZSS,xml.dat,5.1 MB,1.2 MB,4.130997941178289,9.990 s,9990
LZSS,Average, , ,2.395154979774209,15.75 s,15075.558823529413
LZSS + deltas,alice29.txt,148.5 KB,71.4 KB,2.0799917943107222,811 ms,811
LZSS + deltas,asyoulik.txt,126.3 KB,64.4 KB,1.9610076437757826,737 ms,737
LZSS + deltas,bib.dat,114.8 KB,52.1 KB,2.2029164792322686,608 ms,608
LZSS + deltas,book1.dat,750.8 KB,414.0 KB,1.8135454877861785,4.114 s,4114
LZSS + deltas,book2.dat,611.8 KB,282.3 KB,2.166953177153412,2.805 s,2805
LZSS + deltas,cp.html,24.7 KB,10.8 KB,2.2915229624251223,310 ms,310
LZSS + deltas,dickens.dat,9.7 MB,5.0 MB,1.94356472157251,50.47 s,50047
LZSS + deltas,fields.c,11.3 KB,3.8 KB,2.985563289507605,96 ms,96
LZSS + deltas,geo.dat,100.0 KB,81.4 KB,1.2285690290225437,813 ms,813
LZSS + deltas,grammar.lsp,3.7 KB,1.5 KB,2.4708549222797926,61 ms,61
LZSS + deltas,kennedy.xls,1005.6 KB,281.4 KB,3.5739239987921994,2.709 s,2709
LZSS + deltas,lcet10.txt,416.8 KB,195.4 KB,2.1331940376098455,1.962 s,1962
LZSS + deltas,mr.dat,9.5 MB,4.5 MB,2.1244888570789953,41.453 s,41453
LZSS + deltas,news.dat,378.1 KB,192.8 KB,1.9611088880221657,2.73 s,2073
LZSS + deltas,obj1.dat,21.0 KB,12.0 KB,1.7529958425042798,232 ms,232
LZSS + deltas,obj2.dat,241.0 KB,100.7 KB,2.394160442331943,1.73 s,1073
LZSS + deltas,ooffice.dat,5.9 MB,3.6 MB,1.6249563531116467,39.453 s,39453
LZSS + deltas,osdb.dat,9.6 MB,7.2 MB,1.3361367560137312,1 m 26 s,86872
LZSS + deltas,paper1.dat,53.1 KB,24.1 KB,2.2028744939271254,286 ms,286
LZSS + deltas,paper2.dat,82.0 KB,39.1 KB,2.0963109124060244,455 ms,455
LZSS + deltas,pic.dat,501.2 KB,102.9 KB,4.870469664904672,964 ms,964
LZSS + deltas,plrabn12.txt,470.6 KB,256.7 KB,1.8331538961952987,2.513 s,2513
LZSS + deltas,progc.dat,40.1 KB,17.3 KB,2.3172079386558413,228 ms,228
LZSS + deltas,progl.dat,72.2 KB,22.2 KB,3.247769328820711,243 ms,243
LZSS + deltas,progp.dat,50.1 KB,15.3 KB,3.278107642214135,181 ms,181
LZSS + deltas,ptt5,501.2 KB,102.9 KB,4.870469664904672,948 ms,948
LZSS + deltas,reymont.dat,6.3 MB,2.5 MB,2.5573009739982857,22.877 s,22877
LZSS + deltas,samba.dat,20.6 MB,7.7 MB,2.676080045093455,1 m 17 s,77386
LZSS + deltas,sao.dat,6.9 MB,5.8 MB,1.2004425051965226,1 m 4 s,64781
LZSS + deltas,sum,37.3 KB,17.4 KB,2.142536978933214,275 ms,275
LZSS + deltas,trans.dat,91.5 KB,33.0 KB,2.7723695111847557,409 ms,409
LZSS + deltas,x-ray.dat,8.1 MB,6.9 MB,1.167100058849154,1 m 11 s,71708
LZSS + deltas,xargs.1,4.2 KB,2.1 KB,2.0266230733302195,102 ms,102
LZSS + deltas,xml.dat,5.1 MB,1.2 MB,4.130997941178289,10.32 s,10032
LZSS + deltas,Average, , ,2.395154979774209,14.400 s,14400.5
Canonical Huffman,alice29.txt,148.5 KB,85.9 KB,1.7293256165645219,229 ms,229
Canonical Huffman,asyoulik.txt,126.3 KB,77.5 KB,1.630262378172557,185 ms,185
Canonical Huffman,bib.dat,114.8 KB,75.6 KB,1.5176911157024793,198 ms,198
Canonical Huffman,book1.dat,750.8 KB,428.4 KB,1.7526479935435921,342 ms,342
Canonical Huffman,book2.dat,611.8 KB,372.9 KB,1.640477094489323,341 ms,341
Canonical Huffman,cp.html,24.7 KB,16.6 KB,1.4848270995059987,181 ms,181
Canonical Huffman,dickens.dat,9.7 MB,5.6 MB,1.7494211475027728,891 ms,891
Canonical Huffman,fields.c,11.3 KB,7.4 KB,1.5188196721311475,196 ms,196
Canonical Huffman,geo.dat,100.0 KB,71.1 KB,1.40626502053092,236 ms,236
Canonical Huffman,grammar.lsp,3.7 KB,2.5 KB,1.520526106018334,165 ms,165
Canonical Huffman,kennedy.xls,1005.6 KB,452.0 KB,2.224934099649972,236 ms,236
Canonical Huffman,lcet10.txt,416.8 KB,244.9 KB,1.7014081587088954,238 ms,238
Canonical Huffman,mr.dat,9.5 MB,4.4 MB,2.156462511468401,893 ms,893
Canonical Huffman,news.dat,378.1 KB,249.1 KB,1.5179427666322958,223 ms,223
Canonical Huffman,obj1.dat,21.0 KB,15.9 KB,1.3184549356223176,232 ms,232
Canonical Huffman,obj2.dat,241.0 KB,189.8 KB,1.2699067690217951,295 ms,295
Canonical Huffman,ooffice.dat,5.9 MB,4.9 MB,1.2004916554579395,724 ms,724
Canonical Huffman,osdb.dat,9.6 MB,8.0 MB,1.2089726658850333,1.152 s,1152
Canonical Huffman,paper1.dat,53.1 KB,33.9 KB,1.5688541606597082,173 ms,173
Canonical Huffman,paper2.dat,82.0 KB,48.3 KB,1.6982315567965682,157 ms,157
Canonical Huffman,pic.dat,501.2 KB,104.3 KB,4.804898371890536,196 ms,196
Canonical Huffman,plrabn12.txt,470.6 KB,269.4 KB,1.746854211604343,196 ms,196
Canonical Huffman,progc.dat,40.1 KB,26.7 KB,1.5047047193644052,152 ms,152
Canonical Huffman,progl.dat,72.2 KB,44.0 KB,1.6411976367109413,170 ms,170
Canonical Huffman,progp.dat,50.1 KB,31.2 KB,1.604681688908335,172 ms,172
Canonical Huffman,ptt5,501.2 KB,104.3 KB,4.804898371890536,196 ms,196
Canonical Huffman,reymont.dat,6.3 MB,3.8 MB,1.6438261908323084,629 ms,629
Canonical Huffman,samba.dat,20.6 MB,15.8 MB,1.3057308654836262,1.883 s,1883
Canonical Huffman,sao.dat,6.9 MB,6.5 MB,1.059446015899994,990 ms,990
Canonical Huffman,sum,37.3 KB,25.3 KB,1.4762198888202593,178 ms,178
Canonical Huffman,trans.dat,91.5 KB,63.9 KB,1.4309604899430335,184 ms,184
Canonical Huffman,x-ray.dat,8.1 MB,6.7 MB,1.2065999747409992,1.27 s,1027
Canonical Huffman,xargs.1,4.2 KB,2.9 KB,1.4678619756427604,156 ms,156
Canonical Huffman,xml.dat,5.1 MB,3.5 MB,1.4402634533633711,566 ms,566
Canonical Huffman,Average, , ,1.7339431287988238,411 ms,411.2352941176471
Adaptive Huffman,alice29.txt,148.5 KB,86.2 KB,1.7223537139168545,293 ms,293
Adaptive Huffman,asyoulik.txt,126.3 KB,77.8 KB,1.6239763878422506,206 ms,206
Adaptive Huffman,bib.dat,114.8 KB,75.8 KB,1.5147765791542616,204 ms,204
Adaptive Huffman,book1.dat,750.8 KB,428.9 KB,1.7505726920396945,241 ms,241
Adaptive Huffman,book2.dat,611.8 KB,374.4 KB,1.6342677372399868,239 ms,239
Adaptive Huffman,cp.html,24.7 KB,16.7 KB,1.477701041788599,196 ms,196
Adaptive Huffman,dickens.dat,9.7 MB,5.6 MB,1.7501853652304624,1.63 s,1063
Adaptive Huffman,fields.c,11.3 KB,7.6 KB,1.4883691042282483,158 ms,158
Adaptive Huffman,geo.dat,100.0 KB,71.4 KB,1.4008207934336525,317 ms,317
Adaptive Huffman,grammar.lsp,3.7 KB,2.4 KB,1.5278334000800962,158 ms,158
Adaptive Huffman,kennedy.xls,1005.6 KB,463.0 KB,2.1719608190538864,231 ms,231
Adaptive Huffman,lcet10.txt,416.8 KB,246.0 KB,1.693871556719854,216 ms,216
Adaptive Huffman,mr.dat,9.5 MB,4.4 MB,2.148994254298069,778 ms,778
Adaptive Huffman,news.dat,378.1 KB,250.0 KB,1.5120973883701039,213 ms,213
Adaptive Huffman,obj1.dat,21.0 KB,16.5 KB,1.2724260355029586,160 ms,160
Adaptive Huffman,obj2.dat,241.0 KB,196.5 KB,1.226539050231578,194 ms,194
Adaptive Huffman,ooffice.dat,5.9 MB,4.9 MB,1.205457700081217,695 ms,695
Adaptive Huffman,osdb.dat,9.6 MB,8.0 MB,1.208879924353341,1.72 s,1072
Adaptive Huffman,paper1.dat,53.1 KB,34.4 KB,1.5448015444892398,191 ms,191
Adaptive Huffman,paper2.dat,82.0 KB,48.6 KB,1.68713691277866,189 ms,189
Adaptive Huffman,pic.dat,501.2 KB,105.8 KB,4.738880322071303,264 ms,264
Adaptive Huffman,plrabn12.txt,470.6 KB,269.8 KB,1.744097494941744,234 ms,234
Adaptive Huffman,progc.dat,40.1 KB,27.0 KB,1.484218129288552,202 ms,202
Adaptive Huffman,progl.dat,72.2 KB,44.9 KB,1.6054667130192943,199 ms,199
Adaptive Huffman,progp.dat,50.1 KB,31.6 KB,1.5856031128404668,176 ms,176
Adaptive Huffman,ptt5,501.2 KB,105.8 KB,4.738880322071303,229 ms,229
Adaptive Huffman,reymont.dat,6.3 MB,3.8 MB,1.6417444718844656,619 ms,619
Adaptive Huffman,samba.dat,20.6 MB,15.1 MB,1.3672305222773262,1.771 s,1771
Adaptive Huffman,sao.dat,6.9 MB,6.5 MB,1.060587633265503,955 ms,955
Adaptive Huffman,sum,37.3 KB,27.9 KB,1.3403434980722047,186 ms,186
Adaptive Huffman,trans.dat,91.5 KB,65.2 KB,1.404112155134949,181 ms,181
Adaptive Huffman,x-ray.dat,8.1 MB,6.5 MB,1.2364481879558125,973 ms,973
Adaptive Huffman,xargs.1,4.2 KB,2.9 KB,1.473845108695652,168 ms,168
Adaptive Huffman,xml.dat,5.1 MB,3.5 MB,1.4720743263581688,534 ms,534
Adaptive Huffman,Average, , ,1.7193104117267575,403 ms,403.0882352941176
DEFLATE,alice29.txt,148.5 KB,53.1 KB,2.794931637753602,239 ms,239
DEFLATE,asyoulik.txt,126.3 KB,48.2 KB,2.6200279629592105,87 ms,87
DEFLATE,bib.dat,114.8 KB,35.4 KB,3.2411339694445975,41 ms,41
DEFLATE,book1.dat,750.8 KB,306.2 KB,2.4514850411678797,138 ms,138
DEFLATE,book2.dat,611.8 KB,204.9 KB,2.98640010296452,120 ms,120
DEFLATE,cp.html,24.7 KB,7.8 KB,3.1504866483653604,31 ms,31
DEFLATE,dickens.dat,9.7 MB,3.7 MB,2.6325872768326444,1.445 s,1445
DEFLATE,fields.c,11.3 KB,3.1 KB,3.667194426852438,28 ms,28
DEFLATE,geo.dat,100.0 KB,66.8 KB,1.496091752502009,104 ms,104
DEFLATE,grammar.lsp,3.7 KB,1.2 KB,3.0642570281124497,29 ms,29
DEFLATE,kennedy.xls,1005.6 KB,199.2 KB,5.04766573204447,120 ms,120
DEFLATE,lcet10.txt,416.8 KB,141.5 KB,2.9448370090259184,82 ms,82
DEFLATE,mr.dat,9.5 MB,3.5 MB,2.712375267039595,1.288 s,1288
DEFLATE,news.dat,378.1 KB,143.1 KB,2.6412705343011518,71 ms,71
DEFLATE,obj1.dat,21.0 KB,10.1 KB,2.0819053151321523,32 ms,32
DEFLATE,obj2.dat,241.0 KB,79.6 KB,3.0277610805108135,59 ms,59
DEFLATE,ooffice.dat,5.9 MB,3.0 MB,1.9863042269636904,831 ms,831
DEFLATE,osdb.dat,9.6 MB,3.5 MB,2.7294146810630706,949 ms,949
DEFLATE,paper1.dat,53.1 KB,18.4 KB,2.895280157505454,33 ms,33
DEFLATE,paper2.dat,82.0 KB,29.4 KB,2.7862430700793412,39 ms,39
DEFLATE,pic.dat,501.2 KB,55.2 KB,9.087168227774137,62 ms,62
DEFLATE,plrabn12.txt,470.6 KB,190.7 KB,2.467627372959907,104 ms,104
DEFLATE,progc.dat,40.1 KB,13.1 KB,3.0553862166381682,31 ms,31
DEFLATE,progl.dat,72.2 KB,16.0 KB,4.513744654856445,36 ms,36
DEFLATE,progp.dat,50.1 KB,11.1 KB,4.524984577421344,80 ms,80
DEFLATE,ptt5,501.2 KB,55.2 KB,9.087168227774137,61 ms,61
DEFLATE,reymont.dat,6.3 MB,1.8 MB,3.5613211577514545,924 ms,924
DEFLATE,samba.dat,20.6 MB,5.2 MB,3.963446568112474,1.556 s,1556
DEFLATE,sao.dat,6.9 MB,5.1 MB,1.3601277314593485,1.74 s,1074
DEFLATE,sum,37.3 KB,12.7 KB,2.9410859867712658,33 ms,33
DEFLATE,trans.dat,91.5 KB,18.6 KB,4.916566091200084,176 ms,176
DEFLATE,x-ray.dat,8.1 MB,5.8 MB,1.401829472952521,1.36 s,1036
DEFLATE,xargs.1,4.2 KB,1.7 KB,2.436271757439641,26 ms,26
DEFLATE,xml.dat,5.1 MB,671.9 KB,7.769200693595578,321 ms,321
DEFLATE,Average, , ,3.4718700487449086,331 ms,331.94117647058823
Razor,alice29.txt,148.5 KB,45.6 KB,3.2536582235153175,303 ms,303
Razor,asyoulik.txt,126.3 KB,42.3 KB,2.986994086120865,238 ms,238
Razor,bib.dat,114.8 KB,29.1 KB,3.9447539773108677,216 ms,216
Razor,book1.dat,750.8 KB,238.1 KB,3.1524967091908915,1.206 s,1206
Razor,book2.dat,611.8 KB,155.6 KB,3.931756421762133,902 ms,902
Razor,cp.html,24.7 KB,8.0 KB,3.0640776699029124,97 ms,97
Razor,dickens.dat,9.7 MB,2.4 MB,3.9866473496917445,22.127 s,22127
Razor,fields.c,11.3 KB,3.1 KB,3.5921215880893302,94 ms,94
Razor,geo.dat,100.0 KB,52.1 KB,1.9188966344351999,216 ms,216
Razor,grammar.lsp,3.7 KB,1.4 KB,2.623796423658872,82 ms,82
Razor,kennedy.xls,1005.6 KB,47.9 KB,21.012610700730523,1.434 s,1434
Razor,lcet10.txt,416.8 KB,108.6 KB,3.83578413748472,622 ms,622
Razor,mr.dat,9.5 MB,2.0 MB,4.7964643830950795,12.25 s,12025
Razor,news.dat,378.1 KB,113.0 KB,3.3450373237489632,543 ms,543
Razor,obj1.dat,21.0 KB,9.4 KB,2.237203495630462,99 ms,99
Razor,obj2.dat,241.0 KB,59.9 KB,4.020688756393966,361 ms,361
Razor,ooffice.dat,5.9 MB,1.8 MB,3.2245156170808036,8.687 s,8687
Razor,osdb.dat,9.6 MB,2.3 MB,4.184837352192108,13.314 s,13314
Razor,paper1.dat,53.1 KB,17.2 KB,3.0946991241041975,139 ms,139
Razor,paper2.dat,82.0 KB,26.3 KB,3.1135925211455704,173 ms,173
Razor,pic.dat,501.2 KB,41.1 KB,12.183169139465875,831 ms,831
Razor,plrabn12.txt,470.6 KB,151.3 KB,3.1103257747397093,756 ms,756
Razor,progc.dat,40.1 KB,12.6 KB,3.1878684455476263,119 ms,119
Razor,progl.dat,72.2 KB,14.4 KB,5.008812364425163,157 ms,157
Razor,progp.dat,50.1 KB,10.2 KB,4.893728555089592,131 ms,131
Razor,ptt5,501.2 KB,41.1 KB,12.183747596325048,818 ms,818
Razor,reymont.dat,6.3 MB,1.0 MB,6.168953618366855,11.939 s,11939
Razor,samba.dat,20.6 MB,3.3 MB,6.318970804181335,28.519 s,28519
Razor,sao.dat,6.9 MB,4.2 MB,1.666141073061034,10.404 s,10404
Razor,sum,37.3 KB,10.1 KB,3.7090203685742,117 ms,117
Razor,trans.dat,91.5 KB,16.5 KB,5.559214429808947,183 ms,183
Razor,x-ray.dat,8.1 MB,3.5 MB,2.2965121320915065,8.868 s,8868
Razor,xargs.1,4.2 KB,2.0 KB,2.1269607843137255,75 ms,75
Razor,xml.dat,5.1 MB,385.3 KB,13.5491279077136,6.208 s,6208
Razor,Average, , ,4.9200936908526085,3.882 s,3882.4411764705883
WinRAR m1,alice29.txt,148.5 KB,62.4 KB,2.379439281579524,224 ms,224
WinRAR m1,asyoulik.txt,126.3 KB,54.9 KB,2.2990522928112944,84 ms,84
WinRAR m1,bib.dat,114.8 KB,41.7 KB,2.7534262621529813,68 ms,68
WinRAR m1,book1.dat,750.8 KB,351.1 KB,2.138147684605757,83 ms,83
WinRAR m1,book2.dat,611.8 KB,238.8 KB,2.561901685197983,78 ms,78
WinRAR m1,cp.html,24.7 KB,8.7 KB,2.8458070333633905,66 ms,66
WinRAR m1,dickens.dat,9.7 MB,4.2 MB,2.2909464597862312,219 ms,219
WinRAR m1,fields.c,11.3 KB,3.6 KB,3.1453014665942423,63 ms,63
WinRAR m1,geo.dat,100.0 KB,61.8 KB,1.6168250860517257,69 ms,69
WinRAR m1,grammar.lsp,3.7 KB,1.4 KB,2.715302491103203,64 ms,64
WinRAR m1,kennedy.xls,1005.6 KB,129.0 KB,7.796483895879708,82 ms,82
WinRAR m1,lcet10.txt,416.8 KB,164.4 KB,2.5355689305851805,81 ms,81
WinRAR m1,mr.dat,9.5 MB,3.4 MB,2.7605809129779555,222 ms,222
WinRAR m1,news.dat,378.1 KB,150.5 KB,2.513082480316238,76 ms,76
WinRAR m1,obj1.dat,21.0 KB,10.3 KB,2.0433295324971494,65 ms,65
WinRAR m1,obj2.dat,241.0 KB,83.2 KB,2.8965039724918142,74 ms,74
WinRAR m1,ooffice.dat,5.9 MB,3.0 MB,1.9784576101672569,206 ms,206
WinRAR m1,osdb.dat,9.6 MB,3.7 MB,2.578233008909575,256 ms,256
WinRAR m1,paper1.dat,53.1 KB,21.0 KB,2.5268657409557425,64 ms,64
WinRAR m1,paper2.dat,82.0 KB,34.5 KB,2.377014358945311,65 ms,65
WinRAR m1,pic.dat,501.2 KB,57.0 KB,8.798793032505829,72 ms,72
WinRAR m1,plrabn12.txt,470.6 KB,219.2 KB,2.1462881220797385,75 ms,75
WinRAR m1,progc.dat,40.1 KB,14.9 KB,2.698489822718319,67 ms,67
WinRAR m1,progl.dat,72.2 KB,19.0 KB,3.7983858530817867,68 ms,68
WinRAR m1,progp.dat,50.1 KB,12.8 KB,3.915579958819492,68 ms,68
WinRAR m1,ptt5,501.2 KB,57.0 KB,8.799245606515216,73 ms,73
WinRAR m1,reymont.dat,6.3 MB,2.2 MB,2.926277453160897,183 ms,183
WinRAR m1,samba.dat,20.6 MB,5.3 MB,3.8792029306596785,326 ms,326
WinRAR m1,sao.dat,6.9 MB,5.1 MB,1.349546125077392,261 ms,261
WinRAR m1,sum,37.3 KB,13.3 KB,2.799004538134973,128 ms,128
WinRAR m1,trans.dat,91.5 KB,21.5 KB,4.246317697711308,100 ms,100
WinRAR m1,x-ray.dat,8.1 MB,5.5 MB,1.4813460393819917,325 ms,325
WinRAR m1,xargs.1,4.2 KB,1.9 KB,2.2081424936386767,76 ms,76
WinRAR m1,xml.dat,5.1 MB,854.9 KB,6.105897794110088,163 ms,163
WinRAR m1,Average, , ,3.2324937545461068,123 ms,123.3529411764706
WinRAR m2,alice29.txt,148.5 KB,50.8 KB,2.926026395782831,110 ms,110
WinRAR m2,asyoulik.txt,126.3 KB,46.8 KB,2.699225518234766,101 ms,101
WinRAR m2,bib.dat,114.8 KB,33.1 KB,3.467984656240779,152 ms,152
WinRAR m2,book1.dat,750.8 KB,276.6 KB,2.713829828543591,142 ms,142
WinRAR m2,book2.dat,611.8 KB,182.3 KB,3.355363579397257,112 ms,112
WinRAR m2,cp.html,24.7 KB,7.9 KB,3.11819192293442,80 ms,80
WinRAR m2,dickens.dat,9.7 MB,3.1 MB,3.150392514559728,670 ms,670
WinRAR m2,fields.c,11.3 KB,3.1 KB,3.6044195455960164,80 ms,80
WinRAR m2,geo.dat,100.0 KB,61.9 KB,1.616365702740245,121 ms,121
WinRAR m2,grammar.lsp,3.7 KB,1.3 KB,2.8238341968911915,88 ms,88
WinRAR m2,kennedy.xls,1005.6 KB,90.8 KB,11.075612536838255,124 ms,124
WinRAR m2,lcet10.txt,416.8 KB,126.1 KB,3.3043283004258615,98 ms,98
WinRAR m2,mr.dat,9.5 MB,3.1 MB,3.061656806150972,491 ms,491
WinRAR m2,news.dat,378.1 KB,126.0 KB,3.0011627366169016,97 ms,97
WinRAR m2,obj1.dat,21.0 KB,9.7 KB,2.1651228352799032,66 ms,66
WinRAR m2,obj2.dat,241.0 KB,71.1 KB,3.3923058949654328,81 ms,81
WinRAR m2,ooffice.dat,5.9 MB,2.6 MB,2.2460034470257995,413 ms,413
WinRAR m2,osdb.dat,9.6 MB,3.2 MB,3.0415266131362118,521 ms,521
WinRAR m2,paper1.dat,53.1 KB,18.1 KB,2.937483129082762,89 ms,89
WinRAR m2,paper2.dat,82.0 KB,28.8 KB,2.850883152173913,73 ms,73
WinRAR m2,pic.dat,501.2 KB,50.7 KB,9.890841813135985,81 ms,81
WinRAR m2,plrabn12.txt,470.6 KB,175.3 KB,2.6840885670519428,86 ms,86
WinRAR m2,progc.dat,40.1 KB,13.1 KB,3.063357185450209,72 ms,72
WinRAR m2,progl.dat,72.2 KB,15.8 KB,4.578634279340687,68 ms,68
WinRAR m2,progp.dat,50.1 KB,10.8 KB,4.653765974802864,73 ms,73
WinRAR m2,ptt5,501.2 KB,50.7 KB,9.891413703382481,158 ms,158
WinRAR m2,reymont.dat,6.3 MB,1.6 MB,3.9909608425626883,354 ms,354
WinRAR m2,samba.dat,20.6 MB,4.1 MB,4.9864885417433555,725 ms,725
WinRAR m2,sao.dat,6.9 MB,4.8 MB,1.4464472312947219,575 ms,575
WinRAR m2,sum,37.3 KB,11.6 KB,3.2069775243206977,141 ms,141
WinRAR m2,trans.dat,91.5 KB,17.9 KB,5.1216245763638355,67 ms,67
WinRAR m2,x-ray.dat,8.1 MB,5.1 MB,1.5847272079894619,634 ms,634
WinRAR m2,xargs.1,4.2 KB,1.8 KB,2.3104366347177847,71 ms,71
WinRAR m2,xml.dat,5.1 MB,509.1 KB,10.253435536219873,221 ms,221
WinRAR m2,Average, , ,3.9474976156174533,206 ms,206.91176470588235
WinRAR m3,alice29.txt,148.5 KB,50.1 KB,2.963715727731551,78 ms,78
WinRAR m3,asyoulik.txt,126.3 KB,46.1 KB,2.7361237488626022,76 ms,76
WinRAR m3,bib.dat,114.8 KB,32.6 KB,3.518335578506212,99 ms,99
WinRAR m3,book1.dat,750.8 KB,270.7 KB,2.7738244717700034,114 ms,114
WinRAR m3,book2.dat,611.8 KB,178.8 KB,3.4213299984162786,98 ms,98
WinRAR m3,cp.html,24.7 KB,7.9 KB,3.135229107165032,68 ms,68
WinRAR m3,dickens.dat,9.7 MB,3.0 MB,3.262814758852943,1.196 s,1196
WinRAR m3,fields.c,11.3 KB,3.1 KB,3.6247261345852895,60 ms,60
WinRAR m3,geo.dat,100.0 KB,61.0 KB,1.6386884091600122,73 ms,73
WinRAR m3,grammar.lsp,3.7 KB,1.3 KB,2.836431226765799,82 ms,82
WinRAR m3,kennedy.xls,1005.6 KB,38.8 KB,25.937482683055844,91 ms,91
WinRAR m3,lcet10.txt,416.8 KB,124.0 KB,3.3608763791867817,88 ms,88
WinRAR m3,mr.dat,9.5 MB,2.7 MB,3.575856408615856,491 ms,491
WinRAR m3,news.dat,378.1 KB,124.2 KB,3.045018403749961,92 ms,92
WinRAR m3,obj1.dat,21.0 KB,9.6 KB,2.1840341255332114,64 ms,64
WinRAR m3,obj2.dat,241.0 KB,69.6 KB,3.461724031529636,78 ms,78
WinRAR m3,ooffice.dat,5.9 MB,2.2 MB,2.6668019098768725,510 ms,510
WinRAR m3,osdb.dat,9.6 MB,3.1 MB,3.063174874011369,747 ms,747
WinRAR m3,paper1.dat,53.1 KB,18.0 KB,2.9580841578775687,62 ms,62
WinRAR m3,paper2.dat,82.0 KB,28.4 KB,2.882508500188893,68 ms,68
WinRAR m3,pic.dat,501.2 KB,48.7 KB,10.295825225189079,84 ms,84
WinRAR m3,plrabn12.txt,470.6 KB,172.1 KB,2.7341182478438495,101 ms,101
WinRAR m3,progc.dat,40.1 KB,13.0 KB,3.0910048134777375,62 ms,62
WinRAR m3,progl.dat,72.2 KB,15.5 KB,4.643665158371041,66 ms,66
WinRAR m3,progp.dat,50.1 KB,10.7 KB,4.703646024184683,65 ms,65
WinRAR m3,ptt5,501.2 KB,48.7 KB,10.296444908113314,90 ms,90
WinRAR m3,reymont.dat,6.3 MB,1.5 MB,4.237319757955202,595 ms,595
WinRAR m3,samba.dat,20.6 MB,4.0 MB,5.129056065579297,1.35 s,1035
WinRAR m3,sao.dat,6.9 MB,5.3 MB,1.308182081879987,627 ms,627
WinRAR m3,sum,37.3 KB,11.3 KB,3.3062424347224626,91 ms,91
WinRAR m3,trans.dat,91.5 KB,17.6 KB,5.195176046576102,69 ms,69
WinRAR m3,x-ray.dat,8.1 MB,3.9 MB,2.0480279649162494,563 ms,563
WinRAR m3,xargs.1,4.2 KB,1.8 KB,2.3190807055050775,62 ms,62
WinRAR m3,xml.dat,5.1 MB,490.2 KB,10.649559197091198,256 ms,256
WinRAR m3,Average, , ,4.500121449024912,235 ms,235.3235294117647
WinRAR m4,alice29.txt,148.5 KB,50.0 KB,2.9686328856964397,73 ms,73
WinRAR m4,asyoulik.txt,126.3 KB,46.1 KB,2.7392538609834123,75 ms,75
WinRAR m4,bib.dat,114.8 KB,32.6 KB,3.5242436055054123,77 ms,77
WinRAR m4,book1.dat,750.8 KB,269.5 KB,2.785957346572687,120 ms,120
WinRAR m4,book2.dat,611.8 KB,178.0 KB,3.436418388560082,102 ms,102
WinRAR m4,cp.html,24.7 KB,7.9 KB,3.1367871785314945,58 ms,58
WinRAR m4,dickens.dat,9.7 MB,2.9 MB,3.3207764907653092,1.783 s,1783
WinRAR m4,fields.c,11.3 KB,3.1 KB,3.623591989987484,60 ms,60
WinRAR m4,geo.dat,100.0 KB,61.0 KB,1.639501745172756,76 ms,76
WinRAR m4,grammar.lsp,3.7 KB,1.3 KB,2.836431226765799,64 ms,64
WinRAR m4,kennedy.xls,1005.6 KB,38.0 KB,26.42876575212381,103 ms,103
WinRAR m4,lcet10.txt,416.8 KB,123.6 KB,3.3708846761453395,90 ms,90
WinRAR m4,mr.dat,9.5 MB,2.7 MB,3.576963505555998,545 ms,545
WinRAR m4,news.dat,378.1 KB,124.0 KB,3.049815672558843,91 ms,91
WinRAR m4,obj1.dat,21.0 KB,9.6 KB,2.1840341255332114,67 ms,67
WinRAR m4,obj2.dat,241.0 KB,69.6 KB,3.46468829400452,75 ms,75
WinRAR m4,ooffice.dat,5.9 MB,2.2 MB,2.674092925306379,591 ms,591
WinRAR m4,osdb.dat,9.6 MB,3.1 MB,3.1095648785132077,1.76 s,1076
WinRAR m4,paper1.dat,53.1 KB,18.0 KB,2.9585666902289165,68 ms,68
WinRAR m4,paper2.dat,82.0 KB,28.4 KB,2.884886398790087,69 ms,69
WinRAR m4,pic.dat,501.2 KB,48.5 KB,10.32773227617572,84 ms,84
WinRAR m4,plrabn12.txt,470.6 KB,171.5 KB,2.7435987952013026,97 ms,97
WinRAR m4,progc.dat,40.1 KB,13.0 KB,3.092400300978179,78 ms,78
WinRAR m4,progl.dat,72.2 KB,15.5 KB,4.650387060230348,121 ms,121
WinRAR m4,progp.dat,50.1 KB,10.6 KB,4.709254333669632,68 ms,68
WinRAR m4,ptt5,501.2 KB,48.5 KB,10.328355805997182,89 ms,89
WinRAR m4,reymont.dat,6.3 MB,1.4 MB,4.388933628259977,965 ms,965
WinRAR m4,samba.dat,20.6 MB,4.0 MB,5.159685562556746,1.363 s,1363
WinRAR m4,sao.dat,6.9 MB,5.3 MB,1.308950423751605,633 ms,633
WinRAR m4,sum,37.3 KB,11.3 KB,3.30567081604426,73 ms,73
WinRAR m4,trans.dat,91.5 KB,17.6 KB,5.2006549733570155,85 ms,85
WinRAR m4,x-ray.dat,8.1 MB,3.9 MB,2.0481338920547514,492 ms,492
WinRAR m4,xargs.1,4.2 KB,1.8 KB,2.3190807055050775,60 ms,60
WinRAR m4,xml.dat,5.1 MB,481.9 KB,10.831170252214246,351 ms,351
WinRAR m4,Average, , ,4.533172543038154,288 ms,288.88235294117646
WinRAR m5,alice29.txt,148.5 KB,50.0 KB,2.9700242149664113,91 ms,91
WinRAR m5,asyoulik.txt,126.3 KB,46.1 KB,2.7402407493748147,116 ms,116
WinRAR m5,bib.dat,114.8 KB,32.5 KB,3.526675868691112,79 ms,79
WinRAR m5,book1.dat,750.8 KB,269.2 KB,2.7891412400682074,129 ms,129
WinRAR m5,book2.dat,611.8 KB,177.9 KB,3.438964945601458,106 ms,106
WinRAR m5,cp.html,24.7 KB,7.9 KB,3.1367871785314945,63 ms,63
WinRAR m5,dickens.dat,9.7 MB,2.9 MB,3.3395168921309852,2.173 s,2173
WinRAR m5,fields.c,11.3 KB,3.1 KB,3.623591989987484,62 ms,62
WinRAR m5,geo.dat,100.0 KB,61.0 KB,1.639501745172756,110 ms,110
WinRAR m5,grammar.lsp,3.7 KB,1.3 KB,2.836431226765799,73 ms,73
WinRAR m5,kennedy.xls,1005.6 KB,37.7 KB,26.65658814392959,99 ms,99
WinRAR m5,lcet10.txt,416.8 KB,123.6 KB,3.3727495455623173,92 ms,92
WinRAR m5,mr.dat,9.5 MB,2.7 MB,3.5775153856752473,606 ms,606
WinRAR m5,news.dat,378.1 KB,123.9 KB,3.050873100926685,92 ms,92
WinRAR m5,obj1.dat,21.0 KB,9.6 KB,2.1840341255332114,66 ms,66
WinRAR m5,obj2.dat,241.0 KB,69.6 KB,3.46468829400452,246 ms,246
WinRAR m5,ooffice.dat,5.9 MB,2.2 MB,2.6761681009151843,672 ms,672
WinRAR m5,osdb.dat,9.6 MB,3.1 MB,3.1281382775966984,1.223 s,1223
WinRAR m5,paper1.dat,53.1 KB,18.0 KB,2.9588884659307193,67 ms,67
WinRAR m5,paper2.dat,82.0 KB,28.4 KB,2.885084734110206,82 ms,82
WinRAR m5,pic.dat,501.2 KB,48.4 KB,10.346470979577848,91 ms,91
WinRAR m5,plrabn12.txt,470.6 KB,171.4 KB,2.7458814143659,104 ms,104
WinRAR m5,progc.dat,40.1 KB,13.0 KB,3.092400300978179,69 ms,69
WinRAR m5,progl.dat,72.2 KB,15.5 KB,4.653901870630472,72 ms,72
WinRAR m5,progp.dat,50.1 KB,10.6 KB,4.7114149385208295,68 ms,68
WinRAR m5,ptt5,501.2 KB,48.4 KB,10.347096774193549,101 ms,101
WinRAR m5,reymont.dat,6.3 MB,1.4 MB,4.451024772384741,1.202 s,1202
WinRAR m5,samba.dat,20.6 MB,4.0 MB,5.1699710782729085,1.610 s,1610
WinRAR m5,sao.dat,6.9 MB,5.3 MB,1.3092625989063276,657 ms,657
WinRAR m5,sum,37.3 KB,11.3 KB,3.3062424347224626,64 ms,64
WinRAR m5,trans.dat,91.5 KB,17.6 KB,5.201809904508106,66 ms,66
WinRAR m5,x-ray.dat,8.1 MB,3.9 MB,2.048191315083339,493 ms,493
WinRAR m5,xargs.1,4.2 KB,1.8 KB,2.3190807055050775,62 ms,62
WinRAR m5,xml.dat,5.1 MB,479.5 KB,10.88576351128435,297 ms,297
WinRAR m5,Average, , ,4.546591671306147,329 ms,329.5
